Algorithm,Train_Score,Test_Score,Train_RMSE,Test_RMSE,Train_MAE,Test_MAE,Train_MAPE,Test_MAPE
RandomForestRegressor,0.9789676448663492,0.9148275193686886,18913.21069682236,38114.075762183085,9431.199656580466,19835.477588432263,0.05275676607651004,0.11407130611001495
