variable,importance
median_income,0.3286530232293685
ocean_proximity_ISLAND,0.22722307732301122
ocean_proximity_INLAND,0.12873179757896247
population,0.07222827112243893
housing_median_age,0.06576114546969938
total_bedrooms,0.06065370252178776
households,0.051696504437884705
total_rooms,0.051419176754210094
ocean_proximity_NEAR BAY,0.006920986880313421
ocean_proximity_NEAR OCEAN,0.006712314682323527
